{
	"class_name" : "PinholeCameraParameters",
	"extrinsic" : 
	[
		-0.91120396212344457,
		0.2756712832937796,
		-0.30612527334033879,
		0.0,
		0.41173162931934137,
		0.63392106555827743,
		-0.65469164349294906,
		0.0,
		0.013579573946811585,
		-0.72259907708813109,
		-0.69113397323731984,
		0.0,
		1.9908997299171127,
		-3.8752685833384435,
		13.300314349860345,
		1.0
	],
	"intrinsic" : 
	{
		"height" : 1016,
		"intrinsic_matrix" : 
		[
			879.88181024498977,
			0.0,
			0.0,
			0.0,
			879.88181024498977,
			0.0,
			635.0,
			507.5,
			1.0
		],
		"width" : 1271
	},
	"version_major" : 1,
	"version_minor" : 0
}