{
	"class_name" : "PinholeCameraParameters",
	"extrinsic" : 
	[
		-0.91712824987031749,
		0.24217074300865782,
		-0.31658980482707139,
		0.0,
		0.39834767359983947,
		0.58469278113578138,
		-0.70672022938734469,
		0.0,
		0.01396081041359223,
		-0.77426589936425594,
		-0.63270641916631121,
		0.0,
		2.1236357619753474,
		-3.6756387876441932,
		12.474405948028219,
		1.0
	],
	"intrinsic" : 
	{
		"height" : 1016,
		"intrinsic_matrix" : 
		[
			879.88181024498977,
			0.0,
			0.0,
			0.0,
			879.88181024498977,
			0.0,
			635.0,
			507.5,
			1.0
		],
		"width" : 1271
	},
	"version_major" : 1,
	"version_minor" : 0
}